strategy,request_id,accepted,hops,wavelength,initial_osnr_dB,initial_ber,q_factor,load
Baseline,1,True,4,0,17.885419227058335,4.148267437111509e-13,7.156164880899864,Low
Baseline,2,True,3,0,18.399507319434395,1.5689696233972088e-14,7.59249899227396,Low
Baseline,3,True,4,0,18.648199251600587,2.7915257736014863e-15,7.8130272594821015,Low
Baseline,4,True,4,0,16.154690723237124,2.2684548961833285e-09,5.863324266190301,Low
Baseline,5,True,4,0,20.228464524484515,3.558310732611251e-21,9.372006976231864,Low
Baseline,6,True,6,1,15.785037872030273,9.601683374499994e-09,5.619028962070209,Low
Baseline,7,True,4,0,16.150970374411912,2.3030264322480123e-09,5.8608134191144785,Low
Baseline,8,True,3,2,18.880264151748843,5.093484453850062e-16,8.024585053765549,Low
Baseline,9,True,9,0,14.641630710678777,4.1973508519039706e-07,4.925960358082467,Low
Baseline,10,True,8,1,15.340787282866739,4.676575502408926e-08,5.338862563634892,Low
QoT-GLR,1,True,4,0,17.112025019183925,2.944624972743429e-11,6.546521943401053,Low
QoT-GLR,2,True,3,0,17.874328193348145,4.433678723309244e-13,7.147032987980256,Low
QoT-GLR,3,True,4,0,18.648199251600587,2.7915257736014863e-15,7.8130272594821015,Low
QoT-GLR,4,True,4,1,16.154690723237124,2.2684548961833285e-09,5.863324266190301,Low
QoT-GLR,5,True,4,0,20.235018392088303,3.3275050520388186e-21,9.379081216680085,Low
QoT-GLR,6,True,6,3,15.156024538934737,8.637638094196928e-08,5.226495778205138,Low
QoT-GLR,7,True,4,1,16.15457692210223,2.2695050896021243e-09,5.863247446358085,Low
QoT-GLR,8,True,3,2,18.15366490919991,7.877929427529863e-14,7.380616205151042,Low
QoT-GLR,9,True,9,2,14.487348420732447,6.516961578019017e-07,4.839235952108202,Low
QoT-GLR,10,True,8,0,14.847030433236586,2.281460216365109e-07,5.043835321335703,Low
Baseline,1,True,6,0,16.980245670458242,5.668657921047369e-11,6.4479499908431634,Medium
Baseline,2,True,6,0,-27.12237703865688,0.48396445976373414,0.04020596822027769,Medium
Baseline,3,True,3,0,17.40389485538787,6.4284085744136595e-12,6.770240863156913,Medium
Baseline,4,True,8,0,16.744950814042245,1.741173674979074e-10,6.275624035549901,Medium
Baseline,5,True,6,0,17.034012427662464,4.3495274069836756e-11,6.487987408623817,Medium
Baseline,6,True,2,1,21.47438551762873,1.4214750227780232e-27,10.817543564227194,Medium
Baseline,7,True,5,1,16.784791327537988,1.4458597314419393e-10,6.304475238886025,Medium
Baseline,8,True,6,1,16.1859750191025,1.9965310729438352e-09,5.88448049877233,Medium
Baseline,9,True,4,0,16.149981236361587,2.3123014717804154e-09,5.860146035147314,Medium
Baseline,10,True,5,1,16.018327162127093,3.916987312828462e-09,5.771992193965011,Medium
Baseline,11,True,6,0,16.198531972077536,1.8963045528555403e-09,5.892993683366843,Medium
Baseline,12,True,7,2,15.755439298437286,1.0722920982657097e-08,5.599913799693383,Medium
Baseline,13,True,2,0,25.01563536079752,9.086243624788111e-60,16.262643621955718,Medium
Baseline,14,True,8,1,-27.12249345016266,0.4839646745607593,0.040205429368630634,Medium
Baseline,15,True,3,0,19.122729205276418,7.804863425117513e-17,8.251745732281847,Medium
Baseline,16,True,8,0,14.921493259135099,1.8163564231971507e-07,5.087261239149925,Medium
Baseline,17,True,3,0,-27.122049567215107,0.4839638555134455,0.04020748407589268,Medium
Baseline,18,True,2,0,19.164638207066538,5.584116496602147e-17,8.291656216165476,Medium
Baseline,19,True,9,2,-27.172435258871243,0.4840565602290596,0.03997492098925095,Medium
Baseline,20,True,8,1,-27.12225725233396,0.48396423873665506,0.04020652270099327,Medium
Baseline,21,True,12,3,-27.172496061898865,0.48405667177661577,0.03997464115749864,Medium
Baseline,22,True,4,2,20.33373416785213,1.1970949673697319e-21,9.486283191090632,Medium
Baseline,23,True,10,0,14.296019918063331,1.1017466531429695e-06,4.733805096404146,Medium
Baseline,24,True,5,3,19.13011723186473,7.359216876775865e-17,8.258767471462548,Medium
Baseline,25,True,3,0,18.786320542646028,1.025173127386586e-15,7.938261552894436,Medium
Baseline,26,True,3,3,20.538819993257572,1.327918198804108e-22,9.712932634663169,Medium
Baseline,27,True,7,1,15.714936938887467,1.2457645509173326e-08,5.573862152138701,Medium
Baseline,28,True,6,4,-27.12224457048024,0.4839642153362003,0.04020658140466473,Medium
Baseline,29,True,6,0,16.08157595046191,3.046663882686095e-09,5.81417600544178,Medium
Baseline,30,True,7,4,-27.172460659961306,0.4840566068292931,0.03997480408642051,Medium
Baseline,31,True,5,2,16.38258032823103,8.764344960179714e-10,6.019194726620687,Medium
Baseline,32,True,4,0,17.94541092362025,2.8860038646085645e-13,7.205762157617247,Medium
Baseline,33,True,7,2,15.192826556547809,7.659339531771464e-08,5.248687362128801,Medium
Baseline,34,True,2,2,20.024431429828404,2.7324681479744633e-20,9.154422418071649,Medium
Baseline,35,True,3,0,17.400662552821238,6.5412953659704784e-12,6.767721904643754,Medium
Baseline,36,True,4,1,19.400763626220865,7.966911821298201e-18,8.520156229977164,Medium
Baseline,37,True,6,0,-27.172453742224086,0.48405659413819097,0.0399748359237235,Medium
Baseline,38,True,3,5,21.55000501315412,5.043111063555253e-28,10.912132421892165,Medium
Baseline,39,True,4,3,18.091054716446788,1.1715012156043557e-13,7.327606054104865,Medium
Baseline,40,True,6,2,14.602522893872711,4.6992606564502056e-07,4.903831304055459,Medium
Baseline,41,True,3,1,23.912691170551014,7.822415163509912e-47,14.323327942293567,Medium
Baseline,42,True,10,6,-27.172487480522925,0.48405665603350756,0.03997468065116107,Medium
Baseline,43,True,6,2,16.94045467845035,6.882138643675251e-11,6.418478797272708,Medium
Baseline,44,True,10,4,14.081009724193255,1.93669236169186e-06,4.618063105088516,Medium
Baseline,45,True,5,0,15.975055805021313,4.642209491802102e-09,5.743308795285833,Medium
Baseline,46,True,8,4,15.426027205037329,3.4933257494200247e-08,5.39151399950626,Medium
Baseline,47,True,11,5,-27.122282359565496,0.48396428506421657,0.04020640648111739,Medium
Baseline,48,True,3,1,20.312662477791513,1.4919075212146016e-21,9.46329766425532,Medium
Baseline,49,True,5,0,15.979325739253973,4.5653784217648744e-09,5.7461328675067795,Medium
Baseline,50,True,9,4,14.515158734716508,6.026785016628057e-07,4.85475495544712,Medium
QoT-GLR,1,True,6,0,16.459639905935862,6.283638056402397e-10,6.072833473702852,Medium
QoT-GLR,2,True,6,1,16.729772748237096,1.8681107416040626e-10,6.264667338700659,Medium
QoT-GLR,3,True,3,0,17.40389485538787,6.4284085744136595e-12,6.770240863156913,Medium
QoT-GLR,4,True,8,1,15.459725237416745,3.108034009512334e-08,5.412471703239248,Medium
QoT-GLR,5,True,6,0,16.249784507395837,1.5344552031820147e-09,5.927869064754231,Medium
QoT-GLR,6,True,2,1,20.575841602368815,8.830352837542879e-23,9.75442013125062,Medium
QoT-GLR,7,True,5,0,16.440136959394312,6.839454694967048e-10,6.0592130752327975,Medium
QoT-GLR,8,True,6,1,15.794481261206501,9.267806652354777e-09,5.625141350679345,Medium
QoT-GLR,9,True,4,0,16.15253092941859,2.288464718700294e-09,5.861866499889871,Medium
QoT-GLR,10,True,5,2,15.605201644266117,1.857545228900988e-08,5.503886370733243,Medium
QoT-GLR,11,True,6,1,15.510655819278611,2.600453229515587e-08,5.444301499330032,Medium
QoT-GLR,12,True,7,3,15.157168851721337,8.605542285119165e-08,5.227184382387089,Medium
QoT-GLR,13,True,2,3,25.03530743411354,4.973714139129105e-60,16.299517504418272,Medium
QoT-GLR,14,True,8,2,13.940866357753329,2.757863619669916e-06,4.544150377641055,Medium
QoT-GLR,15,True,3,4,19.127786235074616,7.497083878463468e-17,8.256551397079647,Medium
QoT-GLR,16,True,8,0,14.654000713108687,4.049208865093823e-07,4.932980658178185,Medium
QoT-GLR,17,True,3,4,20.717544204596198,1.7937949096928328e-23,9.914860021798244,Medium
QoT-GLR,18,True,2,0,19.164638207066538,5.584116496602147e-17,8.291656216165476,Medium
QoT-GLR,19,True,9,2,14.75837764763016,2.9783288850893044e-07,4.992617093998728,Medium
QoT-GLR,20,True,8,4,13.830369296689868,3.6165987247695293e-06,4.486708369137593,Medium
QoT-GLR,21,True,10,4,13.635213879226676,5.745589539351245e-06,4.387024612558625,Medium
QoT-GLR,22,True,4,5,20.015413115350377,2.983629754201522e-20,9.14492257177428,Medium
QoT-GLR,23,True,10,6,13.868330567031357,3.2974545781386474e-06,4.506360228593772,Medium
QoT-GLR,24,True,5,7,18.82742823506958,7.562495209607692e-16,7.975919990096925,Medium
QoT-GLR,25,True,3,0,18.701523629599645,1.9032576105546636e-15,7.861140501545378,Medium
QoT-GLR,26,True,3,0,19.784348446995885,2.672819810325619e-19,8.904853917291554,Medium
QoT-GLR,27,True,7,5,15.204649329124116,7.367659440340356e-08,5.25583646154119,Medium
QoT-GLR,28,True,6,8,14.994536759801804,1.4469982363941523e-07,5.130222664242804,Medium
QoT-GLR,29,True,6,4,15.890651747576785,6.435480962939853e-09,5.687769189616659,Medium
QoT-GLR,30,True,7,4,14.811878768356996,2.537383809993455e-07,5.02346424408743,Medium
QoT-GLR,31,True,5,6,-27.122420363505398,0.48396453970503894,0.040205767675116404,Medium
QoT-GLR,32,True,4,2,17.785100183787577,7.527105917529714e-13,7.073989097909627,Medium
QoT-GLR,33,True,7,3,15.192826638811896,7.659337465305012e-08,5.248687411839135,Medium
QoT-GLR,34,True,2,2,20.024431910088715,2.732455338995762e-20,9.154422924238094,Medium
QoT-GLR,35,True,3,0,17.404062997390298,6.422587653992919e-12,6.770371923177406,Medium
QoT-GLR,36,True,4,1,19.08613288499928,1.0428355561742344e-16,8.217051733154996,Medium
QoT-GLR,37,True,6,6,14.820089031868513,2.475334715310966e-07,5.028214875951458,Medium
QoT-GLR,38,True,3,8,21.550005940722187,5.0430464058632765e-28,10.91213358720125,Medium
QoT-GLR,39,True,4,3,18.0910552485904,1.17149729255999e-13,7.3276065030328414,Medium
QoT-GLR,40,True,6,7,14.606132817990925,4.6507107058023264e-07,4.905869798531476,Medium
QoT-GLR,41,True,3,7,23.91269659788708,7.821407616950272e-47,14.323336892158444,Medium
QoT-GLR,42,True,10,9,13.462562574734672,8.513596584008572e-06,4.300683727725846,Medium
QoT-GLR,43,True,6,10,16.95090769234628,6.541328845837187e-11,6.426207750573039,Medium
QoT-GLR,44,True,10,11,13.673469162475513,5.2554064060267995e-06,4.406389006937211,Medium
QoT-GLR,45,True,5,2,15.495594099142378,2.7418349504613486e-08,5.43486901817854,Medium
QoT-GLR,46,True,8,8,14.43740047006199,7.490539246693449e-07,4.811487927895258,Medium
QoT-GLR,47,True,11,2,13.818220347595012,3.7245147927207835e-06,4.480437199354382,Medium
QoT-GLR,48,True,3,6,20.327511699051712,1.2776472995097155e-21,9.479489763453635,Medium
QoT-GLR,49,True,5,11,15.459466830088264,3.110830949735579e-08,5.41231068328538,Medium
QoT-GLR,50,True,9,12,14.021335390654938,2.254290459413599e-06,4.586444542005703,Medium
Baseline,1,True,8,0,16.453590224000557,6.451292548918263e-10,6.068605245934473,High
Baseline,2,True,3,0,17.404087865084627,6.421727186233744e-12,6.770391306773965,High
Baseline,3,True,7,0,15.768582430141471,1.0210648874674769e-08,5.608393773573267,High
Baseline,4,True,4,1,20.834436828178553,4.631105769791225e-24,10.049193722577227,High
Baseline,5,True,3,0,18.769666394970542,1.1587206125315319e-15,7.92305547463511,High
Baseline,6,True,8,0,14.857991693292023,2.2066870704228865e-07,5.050204466296603,High
Baseline,7,True,7,1,16.13720368797229,2.43533226709871e-09,5.8515316900368965,High
Baseline,8,True,8,2,14.811372811241974,2.5412543077255626e-07,5.023171633479037,High
Baseline,9,True,7,0,16.945660018751287,6.710360566751917e-11,6.422326460660705,High
Baseline,10,True,5,0,17.896357560146203,3.8841505459603126e-13,7.165182474575706,High
Baseline,11,True,7,3,14.92100960113946,1.8190703564468e-07,5.086977972130203,High
Baseline,12,True,8,1,16.369952556875134,9.250440440804936e-10,6.010450223438186,High
Baseline,13,True,3,0,20.64045323811339,4.2966302867116285e-23,9.827250779972985,High
Baseline,14,True,6,0,-27.122189092641655,0.48396411296853675,0.04020683820983379,High
Baseline,15,True,5,0,15.17826472860884,8.033384227677889e-08,5.239895349602552,High
Baseline,16,True,3,0,19.94059288071397,6.145829298329995e-20,9.06648653735308,High
Baseline,17,True,5,0,-27.122428052059547,0.4839645538916148,0.0402057320858909,High
Baseline,18,True,6,1,14.637110090292563,4.2527265696331146e-07,4.923397281196533,High
Baseline,19,True,6,2,16.467132556921097,6.081719787682147e-10,6.078074301600872,High
Baseline,20,True,6,2,15.380106088927194,4.0906238111671823e-08,5.363085015238201,High
Baseline,21,True,4,1,18.37451523228711,1.8563159534149225e-14,7.570684339222141,High
Baseline,22,True,3,0,17.396534824448818,6.688217906464042e-12,6.764506496413311,High
Baseline,23,True,6,2,17.818963538503834,6.165053560202678e-13,7.101622026706247,High
Baseline,24,True,8,3,15.742250399257486,1.1261185490646227e-08,5.591417185423488,High
Baseline,25,True,9,3,15.401005962147202,3.8078309778696315e-08,5.376005137629555,High
Baseline,26,True,7,1,17.406950767198918,6.323400420283962e-12,6.772623221188641,High
Baseline,27,True,5,1,17.37797055087399,7.388986677314848e-12,6.750064216870449,High
Baseline,28,True,9,4,15.545748551880598,2.297086959306246e-08,5.4663420612134885,High
Baseline,29,True,2,0,21.37503028484531,5.399445648164853e-27,10.694510007796941,High
Baseline,30,True,8,2,-27.122466950637538,0.4839646256653369,0.04020555203037921,High
Baseline,31,True,3,4,18.554412200301837,5.414675597117004e-15,7.729118877280847,High
Baseline,32,True,6,1,-27.172412979814297,0.48405651935632144,0.03997502352390433,High
Baseline,33,True,5,2,17.68731276908032,1.3282315935302585e-12,6.994795394667406,High
Baseline,34,True,8,3,-27.122210302583824,0.48396415210518223,0.04020674002948524,High
Baseline,35,True,5,2,15.179075306262138,8.012123750097461e-08,5.240384365747437,High
Baseline,36,True,7,4,16.378859679717625,8.904993528683489e-10,6.016616923660629,High
Baseline,37,True,9,5,-27.122221988724334,0.4839641736684411,0.04020668593470429,High
Baseline,38,True,5,0,15.976096152803779,4.623378481511844e-09,5.743996738220983,High
Baseline,39,True,6,3,18.6881541446279,2.0960058567531296e-15,7.849049793492627,High
Baseline,40,True,7,4,16.604578113562773,3.3077803564752474e-10,6.175018778674234,High
Baseline,41,True,7,6,16.599464478711003,3.38473005898739e-10,6.171384436161226,High
Baseline,42,True,7,5,14.542844407576903,5.572748679147535e-07,4.870253838999289,High
Baseline,43,True,5,3,15.490016133915498,2.79599667418253e-08,5.431379936503638,High
Baseline,44,True,6,0,15.247294444129984,6.399375926524402e-08,5.281704493599567,High
Baseline,45,True,5,1,-27.122235600998792,0.4839641987857645,0.040206622924000956,High
Baseline,46,True,8,4,15.633078740556565,1.6798305957891045e-08,5.521579302441589,High
Baseline,47,True,8,3,14.32971589044863,1.006050813383263e-06,4.7522050501446795,High
Baseline,48,True,9,7,15.207718773108152,7.293644433543503e-08,5.25769411194769,High
Baseline,49,True,9,7,16.017648934036547,3.9274800997626325e-09,5.771541511930945,High
Baseline,50,True,1,0,22.165110477942015,5.472697247792784e-32,11.712912551877292,High
Baseline,51,True,6,5,-27.17234328896997,0.4840563915021357,0.039975344262991944,High
Baseline,52,True,8,6,-27.172436185531232,0.48405656192909025,0.03997491672449979,High
Baseline,53,True,3,5,18.89621229975561,4.516457776125976e-16,8.03933251624071,High
Baseline,54,True,6,2,15.38049256579071,4.085220886364267e-08,5.363323649906022,High
Baseline,55,True,2,1,22.84174149134857,4.811531183794267e-37,12.661829219656628,High
Baseline,56,True,6,6,16.982033593181082,5.619235162751771e-11,6.44927738773463,High
Baseline,57,True,6,4,14.644724588275544,4.159836732452936e-07,4.9277152771087,High
Baseline,58,True,2,0,21.020421489294417,4.97810659953513e-25,10.266690062133643,High
Baseline,59,True,9,8,14.87045872103101,2.1244061663632694e-07,5.057458328367998,High
Baseline,60,True,5,2,-27.172331217931077,0.48405636935661406,0.03997539981795416,High
Baseline,61,True,4,1,18.483382082315728,8.860371057049006e-15,7.666170625496897,High
Baseline,62,True,6,1,-27.12246114123419,0.4839646149461351,0.04020557892115912,High
Baseline,63,True,3,1,17.945051520106013,2.8923262014184257e-13,7.205464004777277,High
Baseline,64,True,4,4,18.416841758037993,1.3954445405100952e-14,7.607666479927507,High
Baseline,65,True,2,0,23.31129444822117,4.831476288110216e-41,13.36515806552311,High
Baseline,66,True,2,0,20.564700722065126,9.987528843446709e-23,9.74191673006751,High
Baseline,67,True,7,9,16.726830521731696,1.8937150180608096e-10,6.26254562755698,High
Baseline,68,True,1,1,30.90118136153798,2.569775785582736e-225,32.02347410176737,High
Baseline,69,True,7,7,16.02749882083372,3.777664921854688e-09,5.778090210887981,High
Baseline,70,True,6,2,17.95922102780666,2.652897929611018e-13,7.217228050219475,High
Baseline,71,True,5,5,18.963308638560672,2.7103833923887507e-16,8.101674841442557,High
Baseline,72,True,3,8,20.845038042516855,4.0885601087470104e-24,10.061466350963173,High
Baseline,73,True,10,7,14.33825226374351,9.830507653487944e-07,4.756877747893837,High
Baseline,74,True,2,7,26.199772519841638,7.910272682633006e-78,18.637944019745444,High
Baseline,75,True,6,1,18.421888900617155,1.3485101185098677e-14,7.612088379919162,High
Baseline,76,True,5,1,19.749792395581608,3.6738481340309837e-19,8.869497114271693,High
Baseline,77,True,6,6,17.981718408119146,2.3114818831715104e-13,7.235945670272244,High
Baseline,78,True,1,0,22.02024390794691,5.280550042980921e-31,11.519180204475404,High
Baseline,79,True,6,4,16.625701368937907,3.007178269226747e-10,6.190054110374514,High
Baseline,80,True,9,5,14.515496254971298,6.021050377345007e-07,4.854943607391195,High
Baseline,81,True,2,2,21.635176961631373,1.5360734069199076e-28,11.019660762073471,High
Baseline,82,True,2,4,21.626175279596197,1.7436260460725949e-28,11.00824637584068,High
Baseline,83,True,5,0,19.69233276608618,6.2008046415031175e-19,8.811016515282,High
Baseline,84,True,5,5,16.917675192585623,7.684436724592662e-11,6.401667843302107,High
Baseline,85,True,6,9,15.335336557827103,4.763732868720798e-08,5.335513275986386,High
Baseline,86,True,4,3,17.218566306338563,1.7092242961753196e-11,6.6273162047898895,High
Baseline,87,True,6,6,-27.122223901993795,0.4839641771988019,0.040206677078246385,High
Baseline,88,True,5,4,17.95093844786672,2.7904281884901954e-13,7.210349218114232,High
Baseline,89,True,1,0,22.050769184017504,3.2956368416821116e-31,11.559733879925759,High
Baseline,90,True,2,0,21.10746126654202,1.6960618204115367e-25,10.370087964168015,High
Baseline,91,True,3,7,21.39136501402578,4.3446819421528256e-27,10.714641082248932,High
Baseline,92,True,8,8,16.423483270180157,7.350664528100025e-10,6.047606713606624,High
Baseline,93,True,4,3,18.575125572461417,4.683288500582499e-15,7.747572618474136,High
Baseline,94,True,8,8,14.90535595318666,1.908965606101549e-07,5.077818512981287,High
Baseline,95,True,5,4,18.132535149987937,9.012466639334602e-14,7.3626835446489585,High
Baseline,96,True,6,5,15.229629811585534,6.785087584450576e-08,5.270973921943189,High
Baseline,97,True,4,6,-27.122141629012223,0.4839640253881674,0.04020705791878278,High
Baseline,98,True,1,1,22.15833351690414,6.09518087391039e-32,11.703777391637786,High
Baseline,99,True,7,9,14.962984670256033,1.597034187455553e-07,5.111620585845569,High
Baseline,100,True,6,4,-27.1224011476794,0.4839645042488025,0.04020585662258437,High
Baseline,101,True,4,0,18.002520884209996,2.0337440519744848e-13,7.253296337787862,High
Baseline,102,True,2,1,19.144674638837166,6.552307962371239e-17,8.272620634360775,High
Baseline,103,True,6,10,16.587324047593075,3.574286887862091e-10,6.162764601656453,High
Baseline,104,True,6,4,14.648414406263022,4.115501560382145e-07,4.929809044789592,High
Baseline,105,True,1,7,30.955326430213166,4.106939240812729e-228,32.22372172812795,High
Baseline,106,True,4,11,18.652895315778743,2.699435949307184e-15,7.817252548909744,High
Baseline,107,True,7,5,17.469653028944027,4.49875927993939e-12,6.821690764505993,High
Baseline,108,True,3,0,20.89711705724418,2.2071016780611026e-24,10.121974289537627,High
Baseline,109,True,1,1,25.676053012684985,3.1149539613635057e-69,17.54736975727487,High
Baseline,110,True,6,8,17.787584333425816,7.418072339386775e-13,7.076012536075737,High
Baseline,111,True,8,9,14.214579831617392,1.3685127371075105e-06,4.68962772406548,High
Baseline,112,True,10,9,14.743921609307458,3.109089752854561e-07,4.98431472766234,High
Baseline,113,True,6,10,18.574071176401702,4.718088919992754e-15,7.746632183518575,High
Baseline,114,True,1,0,25.918264215101384,4.4310517006894124e-73,18.043574941696463,High
Baseline,115,True,10,3,14.718337785145962,3.35360167491526e-07,4.9696552946474775,High
Baseline,116,True,5,2,16.478861735270254,5.777942673132109e-10,6.086287504473074,High
Baseline,117,True,6,8,18.438115892715274,1.2077247844196122e-14,7.626322586933739,High
Baseline,118,True,4,9,18.720227681719397,1.662158933855484e-15,7.878086791800531,High
Baseline,119,True,6,4,-27.17245729075051,0.4840566006482272,0.03997481959243926,High
Baseline,120,True,9,10,15.616063193847847,1.7863042321113803e-08,5.51077318718554,High
Baseline,121,True,8,12,14.650673917684456,4.0885681497322466e-07,4.931091631749998,High
Baseline,122,True,5,2,15.497004284270082,2.728298552522099e-08,5.435751460158151,High
Baseline,123,True,10,13,-27.122229085260777,0.4839641867629514,0.04020665308509334,High
Baseline,124,True,1,5,24.009252500642596,7.708137799992431e-48,14.483449253403574,High
Baseline,125,True,4,1,17.47515472415679,4.365350067283196e-12,6.826013033569352,High
Baseline,126,True,7,14,15.585749895276631,1.9918322137642732e-08,5.491574399107828,High
Baseline,127,True,8,15,16.471518022181048,5.966408020947111e-10,6.081143867872123,High
Baseline,128,True,1,0,22.16618112656702,5.380262937625884e-32,11.714356409346957,High
Baseline,129,True,5,6,18.086585794638903,1.2048973474666536e-13,7.3238369438343875,High
Baseline,130,True,6,11,16.695646926200304,2.1864213181603526e-10,6.240102497395251,High
Baseline,131,True,6,6,-27.122353364162755,0.4839644160803214,0.04020607780689406,High
Baseline,132,True,7,11,16.518011547630344,4.864857641893489e-10,6.113782075906836,High
Baseline,133,True,4,1,16.067379511907152,3.2244344968346585e-09,5.804680930169294,High
Baseline,134,True,11,10,13.97454004258889,2.535829748546039e-06,4.5618014520138335,High
Baseline,135,True,9,12,14.69117842799915,3.6325393865680514e-07,4.9541402639791885,High
Baseline,136,True,8,11,-27.12217013667658,0.4839640779908555,0.04020692595677558,High
Baseline,137,True,8,8,-27.122491152027372,0.4839646703203762,0.0402054400062892,High
Baseline,138,True,7,6,16.375061989359004,9.050758249989127e-10,6.013986881761858,High
Baseline,139,True,8,12,16.927352081304345,7.333286020578017e-11,6.408803870902966,High
Baseline,140,True,8,16,14.869176238379119,2.132737233704391e-07,5.056711643339525,High
Baseline,141,True,8,8,15.530592419504092,2.4237945487412487e-08,5.456812080116087,High
Baseline,142,True,5,3,19.59919667691085,1.427802859880918e-18,8.717043451906017,High
Baseline,143,True,1,1,21.860206230631057,5.9295191991071795e-30,11.308882415681461,High
Baseline,144,True,5,6,16.35858279192034,9.709863122883229e-10,6.002587735876232,High
Baseline,145,True,7,5,-27.12244269842147,0.4839645809163913,0.040205664290048265,High
Baseline,146,True,5,2,17.546603680672337,2.942738144018129e-12,6.882394471146969,High
Baseline,147,True,7,13,16.568776981937418,3.8834590791568755e-10,6.149619229446983,High
Baseline,148,True,4,2,19.17723281556843,5.046427517690963e-17,8.303687904008411,High
Baseline,149,True,6,7,-27.122286541566663,0.48396429278078185,0.04020638712291629,High
Baseline,150,True,3,1,20.047858881134676,2.172600024163767e-20,9.179146917252979,High
Baseline,151,True,7,6,14.298373393490992,1.0948008350021289e-06,4.735087913007687,High
Baseline,152,True,10,14,-27.17247896472729,0.4840566404106955,0.03997471984304494,High
Baseline,153,True,7,0,14.28786319131939,1.1261336892945725e-06,4.729361771435882,High
Baseline,154,True,5,5,19.747313493503615,3.758286683505054e-19,8.866966172869468,High
Baseline,155,True,8,7,-27.12249191395056,0.48396467172623187,0.04020543647948227,High
Baseline,156,True,8,10,14.318252133388086,1.037715709524091e-06,4.745937161444054,High
Baseline,157,True,7,7,16.4920300323744,5.454057147480292e-10,6.095521656543714,High
Baseline,158,True,7,8,15.805010847076176,8.908411009273439e-09,5.631964638481743,High
Baseline,159,True,9,10,15.818102543459606,8.479835787537298e-09,5.640459745819956,High
Baseline,160,True,6,9,-27.122364373465256,0.483964436394346,0.04020602684601258,High
Baseline,161,True,8,13,15.81465095386919,8.590905939151625e-09,5.638218791206097,High
Baseline,162,True,1,2,22.16131452057776,5.813209607950777e-32,11.707794825948428,High
Baseline,163,True,7,11,15.8127105723542,8.653945675555265e-09,5.636959383814934,High
Baseline,164,True,7,12,16.368807668873,9.295752750474743e-10,6.009658037589302,High
Baseline,165,True,5,7,18.023071828271014,1.7910874166838362e-13,7.270478062888009,High
Baseline,166,True,6,10,18.429408881730925,1.2813992377143363e-14,7.6186815499822975,High
Baseline,167,True,9,15,14.744958104997558,3.099540340196079e-07,4.984909546294162,High
Baseline,168,True,6,2,16.423812990429994,7.340200789126737e-10,6.047836287815715,High
Baseline,169,True,2,14,26.851521539366082,4.4899658686489395e-90,20.09025522124085,High
Baseline,170,True,8,17,14.863509505224206,2.1699124438830817e-07,5.053413686379361,High
Baseline,171,True,8,16,-27.122409616268335,0.48396451987469735,0.04020581742260362,High
Baseline,172,True,5,17,19.75157702671881,3.614206775225499e-19,8.871319657224559,High
Baseline,173,True,1,7,31.061084314075543,1.122168839993048e-233,32.6184704873618,High
Baseline,174,True,1,0,22.16510749248802,5.472957172368031e-32,11.712908525996578,High
Baseline,175,True,7,16,17.470658048978557,4.474100532588599e-12,6.822480128961367,High
Baseline,176,True,5,18,19.030459983371387,1.6131474417471636e-16,8.16455231476739,High
Baseline,177,True,4,0,21.440236869596994,2.256511430963896e-27,10.775097793513886,High
Baseline,178,True,7,10,-27.1222041808624,0.4839641408093743,0.04020676836677235,High
Baseline,179,True,7,13,16.710554394179063,2.0414966737772444e-10,6.250821491732259,High
Baseline,180,True,8,19,16.140917443924057,2.398950662197996e-09,5.854034117297372,High
Baseline,181,True,7,11,15.772947574564117,1.0045663399925841e-08,5.611213012879668,High
Baseline,182,True,3,2,19.468077423718693,4.485197599767971e-18,8.58644214793565,High
Baseline,183,True,7,12,15.668985408222298,1.4743789608685802e-08,5.54445224740976,High
Baseline,184,True,6,4,16.125172964388717,2.556802555721445e-09,5.843432412714196,High
Baseline,185,True,5,1,15.960651517655474,4.910480918184075e-09,5.733792244275994,High
Baseline,186,True,5,7,17.396262413722614,6.6980245061939255e-12,6.7642943482847935,High
Baseline,187,True,9,14,14.482537948169178,6.605383425038598e-07,4.836556598849983,High
Baseline,188,True,7,11,15.867450579451386,7.032455071303436e-09,5.672596673465582,High
Baseline,189,True,4,20,18.380682231496735,1.7810157233243563e-14,7.57606144906771,High
Baseline,190,True,5,11,16.0131862848072,3.997185124973671e-09,5.768576962424261,High
Baseline,191,True,2,1,19.122853644036443,7.797144639445223e-17,8.251863952107945,High
Baseline,192,True,4,0,16.14254281229838,2.383189897140558e-09,5.855129670271655,High
Baseline,193,True,11,15,13.914929912718183,2.94079824711842e-06,4.530601585265446,High
Baseline,194,True,8,21,15.633229085204317,1.6789169322127794e-08,5.5216748766561325,High
Baseline,195,True,3,13,18.828000510400404,7.530380854797755e-16,7.976445505940368,High
Baseline,196,True,7,3,15.144635599543083,8.963210141179203e-08,5.219647287252483,High
Baseline,197,True,6,10,16.55332684728654,4.160231447244248e-10,6.1386902403743075,High
Baseline,198,True,1,1,22.16808255069617,5.219881633896298e-32,11.716921074456867,High
Baseline,199,True,7,12,-27.172385718219534,0.48405646934257096,0.039975148989993305,High
Baseline,200,True,5,1,15.984849978704334,4.467755749903719e-09,5.749788579430428,High
QoT-GLR,1,True,8,0,16.453590224000557,6.451292548918263e-10,6.068605245934473,High
QoT-GLR,2,True,3,0,17.404087865084627,6.421727186233744e-12,6.770391306773965,High
QoT-GLR,3,True,7,0,15.729615309653528,1.1800573667980559e-08,5.583289440281692,High
QoT-GLR,4,True,4,1,20.834438041641945,4.631039798436146e-24,10.049195126501301,High
QoT-GLR,5,True,3,0,18.769666394970542,1.1587206125315319e-15,7.92305547463511,High
QoT-GLR,6,True,8,0,14.123311131765632,1.7369233823930533e-06,4.640608525559971,High
QoT-GLR,7,True,7,2,16.107614732755565,2.7443925698250434e-09,5.83163204310421,High
QoT-GLR,8,True,8,3,14.489887924972155,6.470723455435271e-07,4.840651012328587,High
QoT-GLR,9,True,7,1,16.583860200872387,3.6301924915906097e-10,6.160307442177067,High
QoT-GLR,10,True,5,0,17.51615301552819,3.4840285762997694e-12,6.858308675720834,High
QoT-GLR,11,True,7,5,14.740711765267118,3.138835514113008e-07,4.9824731296468165,High
QoT-GLR,12,True,8,1,15.496091909513572,2.737049292991722e-08,5.435180513236395,High
QoT-GLR,13,True,3,2,19.386833549095837,8.962906094220455e-18,8.506502900616733,High
QoT-GLR,14,True,6,3,15.508742163706435,2.6180299256205397e-08,5.443102155252797,High
QoT-GLR,15,True,5,4,15.184244114527106,7.877780387842393e-08,5.243503747191714,High
QoT-GLR,16,True,3,0,19.940592902591302,6.145828010762461e-20,9.066486560189027,High
QoT-GLR,17,True,5,4,15.770008529185924,1.0156469789482016e-08,5.6093146673400085,High
QoT-GLR,18,True,6,2,14.638393217172634,4.236940633542673e-07,4.924124645956527,High
QoT-GLR,19,True,6,5,16.17493683728214,2.0887508978908252e-09,5.877007146758492,High
QoT-GLR,20,True,6,6,15.105033376221861,1.0186416499401769e-07,5.195903131136977,High
QoT-GLR,21,True,4,3,17.620128659288035,1.9480437499942723e-12,6.9409003600313905,High
QoT-GLR,22,True,3,6,17.402336183928142,6.482609483199709e-12,6.769026061348257,High
QoT-GLR,23,True,6,2,17.13961541706644,2.560931889960546e-11,6.567349783125424,High
QoT-GLR,24,True,8,3,15.540036808409727,2.3440910754264608e-08,5.4627486376959355,High
QoT-GLR,25,True,9,5,14.333167185076421,9.96692942791901e-07,4.754093690152095,High
QoT-GLR,26,True,7,6,16.863594389296704,9.961512461110973e-11,6.361933078669294,High
QoT-GLR,27,True,5,4,16.97998004798443,5.676035692314426e-11,6.447752809631919,High
QoT-GLR,28,True,9,6,15.493898394057652,2.758195327570893e-08,5.433808098010337,High
QoT-GLR,29,True,2,6,21.37503028484531,5.399445648164853e-27,10.694510007796941,High
QoT-GLR,30,True,8,8,14.891174542487828,1.9939466539713266e-07,5.069534747119812,High
QoT-GLR,31,True,3,7,18.558849114157958,5.249256465226608e-15,7.7330680634235485,High
QoT-GLR,32,True,6,8,15.68498425961267,1.39065024171106e-08,5.55467418387981,High
QoT-GLR,33,True,5,8,17.54265018950101,3.00815887473475e-12,6.879262576144437,High
QoT-GLR,34,True,8,0,14.544881640022805,5.540616893311395e-07,4.87139626691447,High
QoT-GLR,35,True,5,5,15.183156390330346,7.905875999662374e-08,5.2428471502242635,High
QoT-GLR,36,True,7,5,15.79168377860242,9.36555764464989e-09,5.623329941382125,High
QoT-GLR,37,True,9,7,14.444268503480535,7.349168744953108e-07,4.81529393158827,High
QoT-GLR,38,True,5,1,15.721336698017685,1.2167046535993964e-08,5.577970484300339,High
QoT-GLR,39,True,6,1,18.332284625035516,2.461113027977983e-14,7.53396517220447,High
QoT-GLR,40,True,7,4,15.809780564899699,8.749961757025873e-09,5.6350581913875795,High
QoT-GLR,41,True,7,4,15.71755716760144,1.233788728605079e-08,5.575543844788082,High
QoT-GLR,42,True,7,7,14.272162636562458,1.1744744929170164e-06,4.720820731103384,High
QoT-GLR,43,True,5,10,15.495304923281894,2.7446185141078528e-08,5.434688080263271,High
QoT-GLR,44,True,6,9,14.924928642197994,1.797187424014804e-07,5.0892737155238645,High
QoT-GLR,45,True,5,1,-27.122235311343957,0.48396419825129483,0.04020662426480119,High
QoT-GLR,46,True,8,10,15.137560520622387,9.171180111165776e-08,5.215397362176869,High
QoT-GLR,47,True,8,9,14.046342991515514,2.115819655884688e-06,4.599668431416357,High
QoT-GLR,48,True,9,9,14.515121530047194,6.027417450513395e-07,4.854734160897177,High
QoT-GLR,49,True,9,1,14.624338309999956,4.4128413296707424e-07,4.91616321034323,High
QoT-GLR,50,True,1,3,22.17530389852573,4.6525799301701674e-32,11.726666437171403,High
QoT-GLR,51,True,6,3,16.499720665685643,5.272947128200496e-10,6.10092112435358,High
QoT-GLR,52,True,8,11,15.255003464909285,6.237543407261743e-08,5.286394265803728,High
QoT-GLR,53,True,3,5,18.656167851591057,2.637008030908845e-15,7.820198367914223,High
QoT-GLR,54,True,6,7,14.960066630539572,1.611616018889292e-07,5.109903616453406,High
QoT-GLR,55,True,2,5,22.858601009441468,3.515930914516555e-37,12.686429998537362,High
QoT-GLR,56,True,6,10,16.512617596312516,4.981975720689605e-10,6.109986586111787,High
QoT-GLR,57,True,6,10,14.644724829653518,4.159833817795571e-07,4.927715414048264,High
QoT-GLR,58,True,2,10,21.03172993384762,4.333442735457938e-25,10.280065307543607,High
QoT-GLR,59,True,9,12,14.288009535538546,1.1256918206777154e-06,4.729441454763092,High
QoT-GLR,60,True,5,14,17.237588655440078,1.548891420930854e-11,6.6418461232969435,High
QoT-GLR,61,True,4,2,17.369281795575063,7.740637068809875e-12,6.743315301796572,High
QoT-GLR,62,True,6,10,15.013429509472633,1.3635403876489387e-07,5.141393598156157,High
QoT-GLR,63,True,3,9,17.945051706054734,2.892322926913052e-13,7.205464159032844,High
QoT-GLR,64,True,4,6,18.421139406011196,1.3553820640577828e-14,7.611431570625293,High
QoT-GLR,65,True,2,7,23.333983888256856,3.01841941202024e-41,13.400116415810729,High
QoT-GLR,66,True,2,4,20.57674098383371,8.74288557809125e-23,9.755430206124453,High
QoT-GLR,67,True,7,14,16.08680210602288,2.9835825846132504e-09,5.817675351240036,High
QoT-GLR,68,True,1,1,30.955332455476167,4.103979236322152e-228,32.22374408121711,High
QoT-GLR,69,True,7,13,15.49825840496011,2.7163128144263278e-08,5.436536363124434,High
QoT-GLR,70,True,6,12,17.26968277822201,1.3104766508556722e-11,6.666432957500867,High
QoT-GLR,71,True,5,14,18.966755043805684,2.639661257610248e-16,8.10489007856498,High
QoT-GLR,72,True,3,1,19.80327596733845,2.2430437705174783e-19,8.924279743002584,High
QoT-GLR,73,True,10,15,13.9273113457654,2.8521345100391005e-06,4.537064405138956,High
QoT-GLR,74,True,2,6,26.199780880597928,7.907620596196821e-78,18.63796196003587,High
QoT-GLR,75,True,6,11,18.438829629550007,1.2018705108526122e-14,7.626949282783625,High
QoT-GLR,76,True,5,13,19.767477024258525,3.1228820405225093e-19,8.887573967252324,High
QoT-GLR,77,True,6,10,17.49072275878392,4.008082379827009e-12,6.838258514719498,High
QoT-GLR,78,True,1,0,22.027343942885103,4.733529320418203e-31,11.528600082173027,High
QoT-GLR,79,True,6,17,16.36057315467595,9.627907429914186e-10,6.003963380344229,High
QoT-GLR,80,True,9,12,14.163938576084153,1.5629777747581215e-06,4.662365385319318,High
QoT-GLR,81,True,2,3,21.635177985227436,1.5360512471498223e-28,11.019662060694854,High
QoT-GLR,82,True,2,7,21.635177985227436,1.5360512471498223e-28,11.019662060694854,High
QoT-GLR,83,True,5,6,19.703871026397444,5.585183987842743e-19,8.822728770556303,High
QoT-GLR,84,True,5,16,16.117691455010608,2.635202996620132e-09,5.838401394164683,High
QoT-GLR,85,True,6,14,15.13438125798449,9.266089227258215e-08,5.213488739747266,High
QoT-GLR,86,True,4,13,17.028849563042673,4.4621997798763804e-11,6.4841321158584515,High
QoT-GLR,87,True,6,9,14.969708462863638,1.5638995858190485e-07,5.1155790500179,High
QoT-GLR,88,True,5,6,17.08815340732891,3.3203679690756806e-11,6.5285547016337455,High
QoT-GLR,89,True,1,2,22.060841849119424,2.818808986700641e-31,11.573146998531218,High
QoT-GLR,90,True,2,4,20.23501997184696,3.3274512230395285e-21,9.379082922514112,High
QoT-GLR,91,True,3,12,21.3913656719412,4.3446438381125875e-27,10.714641893832798,High
QoT-GLR,92,True,8,8,15.77645633925875,9.914865971460661e-09,5.613480184597532,High
QoT-GLR,93,True,4,12,18.588510184415927,4.262553463878862e-15,7.75952052432122,High
QoT-GLR,94,True,8,16,14.411153871560167,8.054155534023701e-07,4.796970752578636,High
QoT-GLR,95,True,5,16,18.02632008824083,1.7553820882273734e-13,7.273197510209817,High
QoT-GLR,96,True,6,15,15.220402871848515,6.995075690311312e-08,5.265377588387121,High
QoT-GLR,97,True,4,15,16.933633916211008,7.113580959347153e-11,6.413440541547965,High
QoT-GLR,98,True,1,7,22.168519744255427,5.183676837224587e-32,11.717510846093695,High
QoT-GLR,99,True,7,18,14.075343504201324,1.964989216049105e-06,4.615051504727782,High
QoT-GLR,100,True,6,7,16.031467423852266,3.7188403468130175e-09,5.780730836846536,High
QoT-GLR,101,True,4,8,17.201387716302143,1.8675552037825817e-11,6.6142219283040005,High
QoT-GLR,102,True,2,1,19.14975673664308,6.291395141190215e-17,8.27746234554438,High
QoT-GLR,103,True,6,19,15.682113821822503,1.4053360265440177e-08,5.552838826412821,High
QoT-GLR,104,True,6,14,14.655854303367706,4.027431156423445e-07,4.934033480743646,High
QoT-GLR,105,True,1,5,30.955332455476167,4.103979236322152e-228,32.22374408121711,High
QoT-GLR,106,True,4,11,18.380739185756383,1.7803342504441746e-14,7.576111126234188,High
QoT-GLR,107,True,7,12,16.906743306129016,8.10040457686917e-11,6.3936159006437565,High
QoT-GLR,108,True,3,13,20.924874232627722,1.5842098389130761e-24,10.1543724466049,High
QoT-GLR,109,True,1,0,25.69224122347395,1.7496717031369213e-69,17.580103927727784,High
QoT-GLR,110,True,6,20,17.280243671015697,1.2400155087091565e-11,6.674543387719226,High
QoT-GLR,111,True,8,17,14.038701991076625,2.1572819236407163e-06,4.5956238700123135,High
QoT-GLR,112,True,10,19,14.003555402162394,2.3577169197805137e-06,4.577065707097704,High
QoT-GLR,113,True,6,17,18.259823929545412,3.9680367133074856e-14,7.471375663671884,High
QoT-GLR,114,True,1,7,25.942507052766977,1.7764816408527508e-73,18.094005984214764,High
QoT-GLR,115,True,10,14,13.710451214341997,4.817868351294822e-06,4.42519015678504,High
QoT-GLR,116,True,5,15,16.48444077708125,5.638554590946343e-10,6.090198049190429,High
QoT-GLR,117,True,6,12,18.438117169334834,1.2077142886527874e-14,7.62632370782218,High
QoT-GLR,118,True,4,21,18.739084471398925,1.4491521720547386e-15,7.895208445794693,High
QoT-GLR,119,True,6,22,14.77024177198662,2.874835003112239e-07,4.999441208095366,High
QoT-GLR,120,True,9,18,15.038004842320035,1.2616674441433802e-07,5.155960945721711,High
QoT-GLR,121,True,8,22,14.161055083635844,1.5747767795730183e-06,4.660817856548783,High
QoT-GLR,122,True,5,19,15.502301521929272,2.6780072273362416e-08,5.439067556807341,High
QoT-GLR,123,True,10,20,13.746358695600978,4.424909956905012e-06,4.443521765110021,High
QoT-GLR,124,True,1,0,24.00925327634994,7.707992716084631e-48,14.483450546871367,High
QoT-GLR,125,True,4,4,16.988903407274254,5.433133179683513e-11,6.45438024582616,High
QoT-GLR,126,True,7,23,15.542868160380735,2.3206792957399038e-08,5.464529628007267,High
QoT-GLR,127,True,8,13,15.340788599075204,4.6765546372356985e-08,5.338863372654684,High
QoT-GLR,128,True,1,1,22.173390003868846,4.796723970217287e-32,11.724082806399784,High
QoT-GLR,129,True,5,15,17.585823278914873,2.363515337934246e-12,6.91354097131535,High
QoT-GLR,130,True,6,21,16.222409474697358,1.7187007292240812e-09,5.909215804660391,High
QoT-GLR,131,True,6,15,16.54024400765488,4.4091414684040137e-10,6.129450997145755,High
QoT-GLR,132,True,7,11,15.880171464579615,6.698977325374379e-09,5.680910538898726,High
QoT-GLR,133,True,4,7,16.07956867530173,3.071225272827312e-09,5.812832527324761,High
QoT-GLR,134,True,11,19,12.99616352184547,2.2923874705983796e-05,4.075843997420694,High
QoT-GLR,135,True,9,16,14.334498835257401,9.931037110505857e-07,4.754822605128474,High
QoT-GLR,136,True,8,18,15.649125371483256,1.5849008425503147e-08,5.531789498897878,High
QoT-GLR,137,True,8,21,14.039970635854624,2.1503469486564616e-06,4.596295147251965,High
QoT-GLR,138,True,7,21,15.601855870799943,1.880021444846553e-08,5.501766701758219,High
QoT-GLR,139,True,8,3,15.475623657698325,2.9404093356374908e-08,5.422387618953217,High
QoT-GLR,140,True,8,16,14.392843936538428,8.470151849076924e-07,4.786869344906293,High
QoT-GLR,141,True,8,16,15.321024712979476,4.999855846968534e-08,5.326729125438129,High
QoT-GLR,142,True,5,21,19.61060750415975,1.290331084598148e-18,8.728502732039221,High
QoT-GLR,143,True,1,11,21.870080501714483,5.120589088518621e-30,11.321745861087672,High
QoT-GLR,144,True,5,22,15.899607976444557,6.218066697913289e-09,5.693637009377861,High
QoT-GLR,145,True,7,4,15.544603548267427,2.306438266077025e-08,5.465621516842135,High
QoT-GLR,146,True,5,11,17.17846323180172,2.100802062552694e-11,6.596788168895028,High
QoT-GLR,147,True,7,18,15.78000653567512,9.784154721662606e-09,5.6157750595517655,High
QoT-GLR,148,True,4,5,19.18597722102237,4.703069651049981e-17,8.312051742266027,High
QoT-GLR,149,True,6,14,-27.122286456735452,0.4839642926242526,0.04020638751559413,High
QoT-GLR,150,True,3,0,20.061176867460482,1.9060583073000868e-20,9.19323200545487,High
QoT-GLR,151,True,7,23,13.993149291960123,2.420239150968178e-06,4.571585447464183,High
QoT-GLR,152,True,10,18,13.613683449078719,6.03931853895631e-06,4.3761635998739274,High
QoT-GLR,153,True,7,4,14.05222268743078,2.084411462729962e-06,4.60278311609247,High
QoT-GLR,154,True,5,0,19.767474483288844,3.122955094909577e-19,8.887571367282298,High
QoT-GLR,155,True,8,20,14.208960612457561,1.3889407893991435e-06,4.686594813811635,High
QoT-GLR,156,True,8,17,14.011074460716069,2.3134614740673994e-06,4.581029621767764,High
QoT-GLR,157,True,7,8,16.041531055929013,3.573522149077787e-09,5.787432379822795,High
QoT-GLR,158,True,7,17,15.809721940799925,8.751893048462166e-09,5.6350201585420585,High
QoT-GLR,159,True,9,12,15.822827303086214,8.329984367019375e-09,5.643528753958317,High
QoT-GLR,160,True,6,22,17.301853137016515,1.1069699400639743e-11,6.691169535532037,High
QoT-GLR,161,True,8,22,15.062317578144489,1.1678844268608936e-07,5.17041325022876,High
QoT-GLR,162,True,1,9,22.168519744255427,5.183676837224587e-32,11.717510846093695,High
QoT-GLR,163,True,7,21,15.146722830688702,8.902700694237167e-08,5.220901726341725,High
QoT-GLR,164,True,7,20,16.08939047959887,2.952798624499948e-09,5.819409262407903,High
QoT-GLR,165,True,5,5,17.39139446236084,6.87560744885889e-12,6.760504404851926,High
QoT-GLR,166,True,6,14,18.437739370590844,1.2108242238760999e-14,7.62599200284102,High
QoT-GLR,167,True,9,17,14.158998204955422,1.5832430959957337e-06,4.659714273350201,High
QoT-GLR,168,True,6,17,15.902316379004308,6.153694024326429e-09,5.695412655414173,High
QoT-GLR,169,True,2,11,26.851523881411623,4.489476043791548e-90,20.09026063833696,High
QoT-GLR,170,True,8,22,14.653770818480513,4.0519174496704557e-07,4.932850095761026,High
QoT-GLR,171,True,8,1,15.037255207153347,1.264667346303465e-07,5.155515980033604,High
QoT-GLR,172,True,5,2,18.78309030826771,1.0498518080113394e-15,7.935309906155912,High
QoT-GLR,173,True,1,2,31.117279547501575,1.092299777108329e-236,32.83018683999479,High
QoT-GLR,174,True,1,7,22.175300909895963,4.652801654682847e-32,11.72666240227575,High
QoT-GLR,175,True,7,11,16.840048223994323,1.1142228597469271e-10,6.344710171652622,High
QoT-GLR,176,True,5,20,17.950334689187418,2.8007175364872936e-13,7.209848042091259,High
QoT-GLR,177,True,4,6,21.473098590923243,1.4465424000801663e-27,10.815940924196635,High
QoT-GLR,178,True,7,7,14.547718323804625,5.496160334041671e-07,4.872987453089317,High
QoT-GLR,179,True,7,23,15.91464189329567,5.868590260136856e-09,5.703500338270399,High
QoT-GLR,180,True,8,5,15.251416237054432,6.312367817703269e-08,5.2842114628696795,High
QoT-GLR,181,True,7,12,15.510317929747472,2.6035486485222685e-08,5.444089714840759,High
QoT-GLR,182,True,3,8,18.67036597553395,2.381975648060448e-15,7.832991869493616,High
QoT-GLR,183,True,7,9,15.617903091369676,1.7744931615477845e-08,5.511940636037439,High
QoT-GLR,184,True,6,11,16.033238149091492,3.6928735321940566e-09,5.781909429928804,High
QoT-GLR,185,True,5,8,15.495594509958437,2.7418309978882027e-08,5.434869275231256,High
QoT-GLR,186,True,5,18,17.396262658388835,6.6980156921998146e-12,6.76429453882306,High
QoT-GLR,187,True,9,4,14.28056228573771,1.1483809203470583e-06,4.725388186946743,High
QoT-GLR,188,True,7,17,15.411241847301142,3.6760997662420267e-08,5.382344224375987,High
QoT-GLR,189,True,4,11,17.059704691360867,3.82804819741696e-11,6.5072068396733975,High
QoT-GLR,190,True,5,23,15.604553420879112,1.861880081177587e-08,5.503475633907502,High
QoT-GLR,191,True,2,2,19.1351211162676,7.071529568419135e-17,8.263526664307733,High
QoT-GLR,192,True,4,18,16.154670784041375,2.2686388683017683e-09,5.863310806448011,High
QoT-GLR,193,True,11,23,13.493433769420554,7.944231382351596e-06,4.315996317355777,High
QoT-GLR,194,True,8,0,15.168739364775913,8.287193000198076e-08,5.234152178340569,High
QoT-GLR,195,True,3,11,18.80025934614492,9.24978957652028e-16,7.951010816757981,High
QoT-GLR,196,True,7,23,14.660871306182475,3.9690282011669957e-07,4.936884220424775,High
QoT-GLR,197,True,6,2,16.04851018795069,3.4759081827619714e-09,5.7920844635941195,High
QoT-GLR,198,True,1,2,22.175292855963583,4.6533992225789315e-32,11.726651528812447,High
QoT-GLR,199,True,7,8,14.99608054662961,1.4400045839022113e-07,5.131134565541643,High
QoT-GLR,200,True,5,21,15.490928443423197,2.7870702206250282e-08,5.431950443382881,High
